symbol,current_price_usd,daily_volume_traded,daily_perc_change,daily_hour_high,daily_hour_low
tZECUSD,28.679,3201.81166817,-3.9699999999999998,29.971,28.689
tZECBTC,0.0037692,1036.41249178,-0.38999999999999996,0.0038188,0.0037562
tXMRUSD,54.668,3487.12066068,-2.1999999999999997,56.547,54.561
tXMRBTC,0.0072004,1601.21602818,0.53,0.0072366,0.0071356
tDSHUSD,55.628,990.14339052,-9.959999999999999,61.77,55.211
tDSHBTC,0.0073028,1235.75892036,-6.15,0.0077856,0.0072076
tBTCEUR,6906.9,40.14280658,-2.85,7201.623184,6872.4
tBTCJPY,833180,36.08976747,-2.48,867410,829107.48892
tXRPUSD,0.2261,414442.98993343,-2.93,0.23355,0.2253
tXRPBTC,2.97e-5,1553613.28930762,-0.06999999999999999,2.987e-5,2.939e-5
tIOTUSD,0.20828,123873.36508461,-3.9899999999999998,0.22009,0.20659
tIOTBTC,2.728e-5,313345.75400551,-0.48,2.828e-5,2.724e-5
tIOTETH,0.001358,157853.59575497,-1.15,0.0014214,0.0013586
tEOSUSD,2.7596,36124.26362728,-1.79,2.8477,2.7301
tEOSBTC,3.6257e-4,28477.77665031,0.8699999999999999,3.6297e-4,3.567e-4
tEOSETH,0.017989,65547.68354447,-0.63,0.018143,0.017897
tSANUSD,0.24,45393.32271937,0,0.277,0.26
tSANBTC,3.189e-5,40572.00544776,0,3.197e-5,3.19e-5
tSANETH,0.0014668,72223.08076948,0.96,0.0017456,0.0017289
tOMGUSD,0.7664,76003.38652563,-6.41,0.82675,0.75419
tOMGBTC,1.0067e-4,62716.57472526,-4.12,1.0544e-4,9.945e-5
tOMGETH,0.0049874,50738.45339493,-3.62,0.0051807,0.0049932
tNEOUSD,9.374,5639.48668527,-4.74,9.9,9.26
tNEOBTC,0.0012299,8420.50672739,-2.92,0.001264,0.001218
tNEOETH,0.06117,1943.86243338,-2.5100000000000002,0.063186,0.061045
tETPUSD,0.38999,20206.81599396,-3.4099999999999997,0.41878,0.38753
tETPBTC,5.111e-5,21076.66471433,-0.64,5.351e-5,5.106e-5
tETPETH,0.0025373,2589.98334558,-2.4899999999999998,0.0026945,0.0025125
tQTMUSD,1.7812,1584.39736059,-6.99,1.9091,1.7412
tQTMBTC,2.3288e-4,6346.12781422,-8.290000000000001,2.5296e-4,2.32e-4
tQTMETH,0.011633,12767.33801752,0,0.011973,0.011973
tAVTUSD,0.1028,73355.28855687,12.959999999999999,0.10513,0.1
tAVTBTC,1.2e-5,324853.6086013,0,1.049e-5,1.049e-5
tAVTETH,6.0004e-4,113547.55192408,0,9.2678e-4,9.2678e-4
tEDOUSD,0.24003,75501.47950946,-7.1499999999999995,0.273,0.2441
tEDOBTC,3.166e-5,35643.71526594,-1.51,3.469e-5,3.189e-5
tEDOETH,0.0010425,228912.15500364,0,0.0016012,0.0016012
tBTGUSD,6.4133,5748.97427192,-5.08,6.8,6.399
tBTGBTC,8.3998e-4,2295.17683529,-2.73,8.6817e-4,8.307e-4
tDATUSD,0.025146,731484.3867411,6.510000000000001,0.0289,0.02377
tDATBTC,3.34e-6,736489.49197091,0.27999999999999997,3.83e-6,3.07e-6
tDATETH,1.6635e-4,1035837.06676432,9.33,1.8513e-4,1.5045e-4
tQSHUSD,0.048963,230051.80550183,-1.63,0.04981,0.048943
tQSHBTC,5.97e-6,227006.24270137,0.04,6.02e-6,5.98e-6
tQSHETH,2.8004e-4,133959.95089325,0.77,2.8885e-4,2.8665e-4
tYYWUSD,0.011503,330684.36773092,0,0.011503,0.011503
tYYWBTC,1.49e-6,544391.09274812,0.01,1.49e-6,1.48e-6
tYYWETH,7e-5,266602.51813273,0,8e-5,8e-5
tGNTUSD,0.0368,99025.02911374,0,0.04079,0.036897
tGNTBTC,4.73e-6,1460656.05919442,0,4.99e-6,4.99e-6
tGNTETH,2.3987e-4,122432.72396747,-3.5700000000000003,2.55e-4,2.459e-4
tSNTUSD,0.011135,1273103.55816239,-2.85,0.011909,0.0113
tSNTBTC,1.46e-6,3491426.92726676,-0.04,1.51e-6,1.47e-6
tSNTETH,7.297e-5,678607.00250373,-0.9400000000000001,7.65e-5,7.331e-5
tIOTEUR,0.18903,124983.36508461,-4.43,0.19971,0.18783
tBATUSD,0.20443,54279.19195995,-2.5100000000000002,0.21643,0.20564
tBATBTC,2.678e-5,44450.31656962,-0.79,2.765e-5,2.671e-5
tBATETH,0.0013346,34884.17084842,-2.06,0.0013771,0.0013488
tMNAUSD,0.022111,112213.62406375,0,0.026004,0.026004
tMNABTC,3.13e-6,201625.73385355,0,3.41e-6,3.41e-6
tMNAETH,1.5283e-4,1149566.45384654,-2.1999999999999997,1.7079e-4,1.6704e-4
tFUNUSD,0.003,923907.87032273,-3.2099999999999995,0.0031097,0.00301
tFUNBTC,3.9e-7,3719709.74288202,0,4.1e-7,4.1e-7
tFUNETH,1.945e-5,1717705.44811716,-0.03,1.994e-5,1.962e-5
tZRXUSD,0.26218,332160.35594817,-6.08,0.28029,0.26091
tZRXBTC,3.437e-5,71598.24790036,-0.96,3.54e-5,3.388e-5
tZRXETH,0.0017048,168490.22557806,0,0.0017187,0.0017187
tTNBUSD,0.0021703,1911123.26224178,0,0.0026812,0.0022264
tTNBBTC,2.9e-7,3562721.86667005,0,3e-7,3e-7
tTNBETH,1.39e-5,2211323.63678532,0,1.651e-5,1.651e-5
tSPKUSD,0.0034119,1213501.75410221,0,0.0044,0.0044
tSPKBTC,4.5e-7,2839560.7,0,5e-7,4.9e-7
tSPKETH,2.291e-5,1419130.78773165,0,2.487e-5,2.487e-5
tTRXUSD,0.015573,3103074.5431006,-5.06,0.01631247,0.01546
tTRXBTC,2.04e-6,3649322.69378023,-0.06999999999999999,2.09e-6,2.02e-6
tTRXETH,1.0162e-4,2220693.73508723,0,1.0348e-4,1.0348e-4
tRCNUSD,0.038503,136708.97008442,0,0.045805,0.045805
tRCNBTC,5.93e-6,1227381.9053436,0,6.52e-6,6.52e-6
tRCNETH,1.3338e-4,565426.79727634,0,2.8357e-4,2.8357e-4
tRLCUSD,0.51773,17287.4769228,0,0.64412,0.64412
tRLCBTC,8.787e-5,26423.87411776,0.7000000000000001,8.752e-5,8.682e-5
tRLCETH,0.0043587,39072.85563323,0,0.004442,0.004442
tAIDUSD,0.0082,603310.38598274,-2.27,0.008388,0.0081977
tAIDBTC,7.8e-7,1254249.30660939,0,1.19e-6,1.19e-6
tAIDETH,5.503e-5,1541741.84083133,-0.11,5.64e-5,5.629e-5
tSNGUSD,0.0068959,1712686.36076843,0,0.012328,0.012328
tSNGBTC,1.02e-6,2604450.60315045,0,1.13e-6,1.13e-6
tSNGETH,4.632e-5,3281866.26824618,0,4.986e-5,4.986e-5
tREPUSD,8.5622,903.16073399,0,10.348,10.348
tREPBTC,0.0014181,1134.62786961,0,0.0014479,0.0014479
tREPETH,0.070621,1223.24857092,0,0.072369,0.072369
tELFUSD,0.059495,109446.07827363,-4.87,0.068382,0.06505
tELFBTC,8.38e-6,181134.72613226,0.84,9.47e-6,8.63e-6
tELFETH,3.9997e-4,245056.80082461,5.17,4.5875e-4,4.362e-4
tNECUSD,0.098863,498971.23828518,0,0.098863,0.093825
tNECBTC,1.008e-5,25468.89379434,0,1.92e-5,1.909e-5
tNECETH,5.95e-4,44204.10276996,7.5600000000000005,6.4e-4,5.95e-4
tBTCGBP,5886.8,45.56987659,-2.74,6130.8,5856.81863018
tETHEUR,138.73,1487.67723261,-3.08,144.04,137.49
tETHJPY,16736,1401.982584,-3.15,17334,16598
tETHGBP,118.24,1626.01777652,-3.08,122.34,117.94
tNEOEUR,8.5078,5566.42684099,-5.050000000000001,8.9594,8.4044
tNEOJPY,1026.2,5895.69018979,-5.04,1069.69999956,1015.80000044
tNEOGBP,7.2512,5620.16668527,-4.55,7.5584,7.2142
tEOSEUR,2.5046,36124.26362728,-1.6500000000000001,2.5822,2.4792
tEOSJPY,301.83,37356.59071748,-2.1,311.62000053,300.73999991
tEOSGBP,2.1326,46664.3347222,-1.87,2.1983,2.1237
tIOTJPY,22.802,124983.36508461,-4.95,24.03278733,22.64899955
tIOTGBP,0.16111,124327.4559937,-4.2299999999999995,0.16953,0.15997
tIOSUSD,0.0046,401118.78284832,2.87,0.0059,0.0057355
tIOSBTC,6e-7,1561792.4000622,0,7.1e-7,7.1e-7
tIOSETH,2.204e-5,188472.18691398,0,3.572e-5,3.572e-5
tAIOUSD,0.060031,149820.04828009,0.44999999999999996,0.06285,0.062569
tAIOBTC,7.72e-6,224808.037037,0.01,8.43e-6,8.42e-6
tAIOETH,2.0169e-4,186691.17866201,0,4.3295e-4,4.3295e-4
tREQUSD,0.009999,579059.91674803,0,0.016616,0.016616
tREQBTC,1.49e-6,1146642.61592446,0,1.98e-6,1.98e-6
tREQETH,9.575e-5,117325.64089768,0,9.898e-5,9.838e-5
tRDNUSD,0.11685,198390.1939281,0,0.11983,0.11983
tRDNBTC,1.742e-5,177287.34469663,-0.05,2.512e-5,2.507e-5
tRDNETH,5.7444e-4,111626.17212675,0,8.7879e-4,8.5956e-4
tLRCUSD,0.020099,743294.79490974,0,0.023103,0.023103
tLRCBTC,3.11e-6,623194.19622709,0,3.5e-6,3.5e-6
tLRCETH,1.6112e-4,312732.45216235,0,1.5498e-4,1.5498e-4
tWAXUSD,0.0255,217837.67907189,0,0.028,0.028
tWAXBTC,3.21e-6,582478.18619823,0,3.29e-6,3.29e-6
tWAXETH,1.6e-4,891722.18164802,0,1.85e-4,1.85e-4
tDAIUSD,1.0009,26251.37461277,-0.12,1.0096,1.0006
tDAIBTC,1.3074e-4,133312.18903564,0.33999999999999997,1.3612e-4,1.2782e-4
tDAIETH,0.006249,62916.1883263,-0.64,0.0065361,0.0064167
tAGIUSD,0.018002,232409.92994505,4.36,0.023007,0.017445
tAGIBTC,2.45e-6,1246327.94865176,0,2.56e-6,2.56e-6
tAGIETH,1.0133e-4,908497.11648282,0,1.2064e-4,1.2064e-4
tBFTUSD,0.011779,5192980.84293435,0,0.012022,0.012022
tBFTBTC,1.44e-6,2207856.84134933,0,1.74e-6,1.74e-6
tBFTETH,7.53e-5,697748.37534624,0,8.629e-5,8.629e-5
tMTNUSD,0.0021008,6110972.10541055,0,0.0035158,0.0035158
tMTNBTC,2.1e-7,3118586.85548111,0,4.3e-7,4.3e-7
tMTNETH,6.71e-6,620278.65114218,-0.22,2.122e-5,2.1e-5
tODEUSD,0.06055,263346.27360122,10.01,0.0725,0.058
tODEBTC,7.66e-6,554628.70566952,0.33999999999999997,9.29e-6,7.46e-6
tODEETH,3.1054e-4,330799.36293077,0,3.8234e-4,3.8234e-4
tANTUSD,0.44122,42205.3656008,0,0.5,0.5
tANTBTC,7.209e-5,152466.58402447,-3.1,7.574e-5,7.08e-5
tANTETH,0.0030702,36972.43383834,0,0.003934,0.003934
tDTHUSD,0.0013509,3787981.11979,0,0.0028565,0.0028565
tDTHBTC,3.1e-7,1049826,0,3.9e-7,3.9e-7
tDTHETH,1.11e-5,418208.99910496,0,1.156e-5,1.156e-5
tMITUSD,0.004458,856904.06808479,0,0.009515,0.009415
tMITBTC,1.16e-6,945250.98352667,0,1.36e-6,1.36e-6
tMITETH,1.537e-5,171990.07295442,-9.379999999999999,7.048e-5,6.11e-5
tSTJUSD,0.10434,653712.56183279,0,0.12268,0.12268
tSTJBTC,1.616e-5,50042.60370676,0,1.692e-5,1.692e-5
tSTJETH,8.0295e-4,37981.23755238,2.19,8.7091e-4,8.7091e-4
tXLMUSD,0.05747,716904.61507433,-4.52,0.0602,0.057379
tXLMEUR,0.052159,716904.61507433,-3.36,0.053982,0.052167
tXLMJPY,6.2919,670489.89495754,0,6.33729987,6.33729987
tXLMGBP,0.044456,713896.2935866,-3.6799999999999997,0.046081,0.044386
tXLMBTC,7.53e-6,725646.71668271,-0.03,7.66e-6,7.54e-6
tXLMETH,3.7483e-4,156747.05641936,-0.8099999999999999,3.8331e-4,3.7888e-4
tXVGUSD,0.0039961,1401069.35650969,-7.4399999999999995,0.0043374,0.004
tXVGEUR,0.0036268,1460437.09543785,0,0.0038464,0.0038464
tXVGJPY,0.4375,1406069.35650969,0,0.45132827,0.45132827
tXVGGBP,0.0030911,1406069.35650969,0,0.00313371,0.0031337
tXVGBTC,5.1e-7,4917136.55084033,-0.02,5.5e-7,5.1e-7
tXVGETH,2.314e-5,1714614.01203577,-1.01,2.706e-5,2.594e-5
tBCIUSD,0.025829,45062.62845425,-3.4299999999999997,0.03,0.025837
tBCIBTC,3.03e-6,192060.09352571,0,4e-6,4e-6
tMKRUSD,538.15,32.47504722,-3.83,581.45,534.65
tMKRBTC,0.0722,97.57009939,4.06,0.079773,0.067586
tMKRETH,3.5362,59.96445767,0.7100000000000001,3.689,3.376
tKNCUSD,0.15004,41187.57629416,0,0.1456,0.1456
tKNCBTC,2.41e-5,257575.00418358,0.44999999999999996,2.387e-5,2.342e-5
tKNCETH,9.4685e-4,196313.73176312,0,0.0011782,0.0011782
tPOAUSD,0.013602,320002.11689112,0,0.0156,0.0156
tPOABTC,1.78e-6,1393510.90537369,0,2.31e-6,2.31e-6
tPOAETH,6.075e-5,260825.69320135,0,1e-4,1e-4
tLYMUSD,0.0025011,4175019.24842619,0,0.0044991,0.0044991
tLYMBTC,3.2e-7,3062000,0,5.2e-7,5.2e-7
tLYMETH,1.37e-6,544879.52375254,0,1.898e-5,1.898e-5
tUTKUSD,0.010655,10083936.5661378,0,0.01592,0.01592
tUTKBTC,2.01e-6,116880.78971842,0.04,2.04e-6,1.95e-6
tUTKETH,1.0054e-4,66838.79687739,2.52,1.0253e-4,9.947e-5
tVEEUSD,0.0011119,16120700.348474,0,0.0015,0.0015
tVEEBTC,1.8e-7,4104058.59629495,-0.1,3.3e-7,1.9e-7
tVEEETH,7.21e-6,476595.34011811,0,1.156e-5,1.156e-5
tDADUSD,0.03,5307327.25719031,0,0.03847,0.03847
tDADBTC,4.41e-6,682531,0,4.59e-6,4.59e-6
tDADETH,2.1568e-4,314938.58554464,-0.72,2.3545e-4,2.3376e-4
tORSUSD,0.032,2377040.69041589,0,0.032,0.032
tORSBTC,3.16e-6,908985.82278481,0,3.51e-6,3.51e-6
tORSETH,1.9621e-4,226791.16827148,0,2.109e-4,2.109e-4
tAUCUSD,0.0020015,2335339.75126097,0,0.0034567,0.0034567
tAUCBTC,1.7e-7,782617.16033217,0,4.1e-7,4.1e-7
tAUCETH,2.32e-6,1609242.73677829,0,1.975e-5,1.975e-5
tPOYUSD,0.017484,3080753.821146,0,0.022392,0.022392
tPOYBTC,2.3e-6,1075800.3409,0,2.96e-6,2.96e-6
tPOYETH,1.1739e-4,243201.17724978,0,1.4505e-4,1.4505e-4
tFSNUSD,0.2263,445783.67057073,0,0.28,0.28
tFSNBTC,3e-5,154880,1.76,4.3e-5,4.123e-5
tFSNETH,0.0015917,27326.1301027,0,0.0016972,0.0016945
tCBTUSD,0.021185,587687,0,0.021862,0.021862
tCBTBTC,1.99e-6,737111.23626369,-0.1,3.15e-6,3.05e-6
tCBTETH,1.1546e-4,1723516.64589243,0,1.5222e-4,1.5222e-4
tZCNUSD,0.033703,1832288,-1.8499999999999999,0.034598,0.033959
tZCNBTC,4.31e-6,316774.62647171,0,5.09e-6,5.02e-6
tZCNETH,2.1007e-4,233354.73367598,0,2.192e-4,2.192e-4
tSENUSD,5.1019e-4,4154146.7680768,0,0.0010195,0.0010195
tSENBTC,3e-8,562951.92471395,0,1.4e-7,1.4e-7
tSENETH,2.97e-6,3588135.79498841,0,5.05e-6,5.05e-6
tNCAUSD,8.005e-4,6283000,-0.25,9.9682e-4,9.9431e-4
tNCABTC,9e-8,2040283.46109389,0,1.3e-7,1.3e-7
tNCAETH,2.4e-7,589869.36363636,0,6.99e-6,6.99e-6
tCNDUSD,0.0064041,3769797.01426359,0,0.0185,0.0185
tCNDBTC,9.8e-7,791297.40575533,0,9.9e-7,9.9e-7
tCNDETH,3.865e-5,569173.72792925,0,5.953e-5,5.953e-5
tCTXUSD,0.080032,1323088.05880758,-3.09,0.092866,0.09
tCTXBTC,2.04e-6,120394.65466842,0.8999999999999999,1.43e-5,1.34e-5
tCTXETH,5.2601e-4,1198618.86881751,0,7.5e-4,7.5e-4
tPAIUSD,0.010003,2689493.12645357,0,0.014,0.014
tPAIBTC,1.42e-6,769354.71736279,0,1.91e-6,1.91e-6
tSEEUSD,2.8291e-4,21842687.7627498,1.79,4.3966e-4,4.3192e-4
tSEEBTC,5e-8,6017273.75,0,8e-8,8e-8
tSEEETH,1.5e-6,3852215,-0.03,1.61e-6,1.58e-6
tESSUSD,4.8e-4,6251571.33461247,0,5.029e-4,5.029e-4
tESSBTC,5e-8,3461000,0,1.4e-7,1.4e-7
tESSETH,2.49e-6,1926633.94684209,0,3.12e-6,3.12e-6
tATMUSD,2.0741e-4,16536415.3016599,0,2.1337e-4,2.1337e-4
tATMBTC,1e-8,600000,0,5e-8,5e-8
tATMETH,1.11e-6,3058018.01801801,-0.26,1.51e-6,1.25e-6
tHOTUSD,0.0026513,319270.34762859,0,0.002651,0.002651
tHOTBTC,3.4e-7,1886795.56257902,0,3.2e-7,3.2e-7
tHOTETH,1.65e-5,1051776.17900677,0,1.898e-5,1.898e-5
tDTAUSD,2.4031e-4,3351357.73500761,0,2.5003e-4,2.5003e-4
tDTABTC,3e-8,3905542.75268986,0,5e-8,5e-8
tDTAETH,1.71e-6,1524553.07825326,0,1.97e-6,1.97e-6
tIQXUSD,0.001264,2186298.34565756,-4.87,0.0017389,9.704e-4
tIQXBTC,1.3e-7,1226963.11111111,0,1.6e-7,1.6e-7
tIQXEOS,5e-4,1574327.44107191,0,5.302e-4,5.302e-4
tWPRUSD,0.0056852,431903.49735247,0,0.00948,0.00948
tWPRBTC,6.8e-7,246869.17636435,0,1.2e-6,1.2e-6
tWPRETH,3.897e-5,384476.00625698,0,6.003e-5,5.9e-5
tZILUSD,0.006344,156238.94996644,-4.45,0.0084,0.0066125
tZILBTC,9.2e-7,1401355.83925761,0,1.09e-6,1.09e-6
tZILETH,3.55e-5,1924712.33380754,0,4.337e-5,4.337e-5
tBNTUSD,0.2703,508841.139167,0,0.27292,0.27292
tBNTBTC,3.537e-5,182955.63789131,-1.29,3.723e-5,3.56e-5
tBNTETH,0.0016491,186583.51006423,2.71,0.0016745,0.0016302999999999999
tABSUSD,0.0085583,58898.373283,0,0.0086512,0.0086512
tABSETH,5.583e-5,337800.61994667,0,5.772e-5,5.772e-5
tXRAUSD,0.00422,2059701,0,0.006,0.006
tXRAETH,1.821e-5,4634560.92596861,0,3.15e-5,3.15e-5
tMANUSD,0.051135,1360577.8227201,0,0.13372,0.12755
tMANETH,5e-4,125453.22229639,0,5.6408e-4,5.6408e-4
tBBNUSD,2.203e-4,7524469.65319559,-12.64,2.5634e-4,2.203e-4
tBBNETH,9.3e-7,2978231.91653822,0,1.6e-6,1.6e-6
tNIOUSD,0.00148,2176786.67483237,0,0.0015129,0.0015129
tNIOETH,7.01e-6,180944.92672857,-9.569999999999999,1.607e-5,4.11e-6
tDGXUSD,45.637,344.36499144,-0.22,46.024,45.513
tDGXETH,0.29456,215.87933649,0.9299999999999999,0.29452,0.2917
tVETUSD,0.0060006,1810233.26017608,-0.33999999999999997,0.0066,0.0061798
tVETBTC,8e-7,28960362.3194742,-0.03,8.4e-7,7.9e-7
tVETETH,3.967e-5,832821.26007302,-1.8800000000000001,4.198e-5,3.999e-5
tUTNUSD,0.00191,2153357.92153416,0.9299999999999999,0.00238,0.00191
tUTNETH,1.303e-5,389898.46574749,0.66,1.553e-5,1.4e-5
tTKNUSD,0.22803,1330896.5342587,0,0.263,0.26105
tTKNETH,0.0014828,185643.09032134,-4.73,0.001711,0.0015
tGOTUSD,0.21202,379553.57860851,-1.81,0.20836,0.20459
tGOTEUR,0.19242,389553.57860851,0,0.21772,0.17947
tGOTETH,6.3001e-4,74437.09163918,0,9.5363e-4,9.5363e-4
tXTZUSD,1.3186,92680.84595,0.04,1.3672,1.3045
tXTZBTC,1.7282e-4,96469.95927198,3.08,1.7561e-4,1.6558e-4
tCNNUSD,4.75e-5,17854871.1751724,-5.489999999999999,5.5e-5,4.951e-5
tCNNETH,3.1e-7,21189142.1640011,0,3.4e-7,3.4e-7
tBOXUSD,0.0023163,4467222.75222953,0,0.0070389,0.0070389
tBOXETH,1.701e-5,692507.89030889,0,2.607e-5,2.607e-5
tTRXEUR,0.014133,3363839.01119397,-0.9299999999999999,0.014803,0.01458496
tTRXGBP,0.012046,3475489.68336171,0,0.012231,0.012231
tTRXJPY,1.7049,3274123.51641116,0,1.7691004,1.7691004
tMGOUSD,0.01107,72238.30005929,19.12,0.014206,0.010606
tMGOETH,2.02e-6,220900.990099,0,6.521e-5,6.521e-5
tRTEUSD,6.6639e-4,12321409.4219296,-4.17,6.9912e-4,6.7e-4
tRTEETH,8.5e-7,3396111,0,5.74e-6,5.74e-6
tYGGUSD,2.6219e-4,179190770.882774,0,3.8e-4,3.8e-4
tYGGETH,1.52e-6,1968310.0091245,0,1.6e-6,1.6e-6
tMLNUSD,3.42,9071334.85327975,0,3.4,3.4
tMLNETH,0.013387,1155092.30150722,0,0.013991,0.013991
tWTCUSD,0.40889,168323.45021885,0,0.50907,0.50907
tWTCETH,0.0034146,10116.01633658,0,0.0034723,0.0034723
tCSXUSD,0.06214,2690476.11871393,0,0.097448,0.097447
tCSXETH,3.51e-4,68408.32144819,0,6.6291e-4,6.6291e-4
tOMNUSD,3.01,408694.86463819,-21.13,3.9366,3.1046
tOMNBTC,3e-4,164894.13151842,-1.5699999999999998,4.406e-4,4.337e-4
tINTUSD,0.0184,185593.58982926,-20.93,0.023722,0.018757
tINTETH,1.21e-4,53064.53028653,0,1.55e-4,1.55e-4
tDRNUSD,0.0175,3541563.714,-1.66,0.025164,0.024746
tDRNETH,1.1201e-4,33919.27547211,0,1.35e-4,1.35e-4
tPNKUSD,0.0068804,7895837.45868784,0,0.0086382,0.0086382
tPNKETH,4.911e-5,243650.74387306,1.7399999999999998,5.274e-5,5.1e-5
tDGBUSD,0.00637,542928.56540294,18.6,0.008,0.0067453
tDGBBTC,8.7e-7,3470670.61051562,-0.01,8.9e-7,8.8e-7
tBSVUSD,107.67,1572.61981149,-2.2399999999999998,111.51,106.09
tBSVBTC,0.014171,2308.79631309,-0.02,0.014197,0.01385
tBABUSD,220.08,499.25863335,-2.73,227.8,218.39
tBABBTC,0.028907,667.04656324,-0.27,0.029068,0.028606
tWLOUSD,0.0083987,256283.3693698,7.31,0.010195,0.0083519
tWLOXLM,0.09957,1316729.34121723,0,0.1365,0.1365
tVLDUSD,0.0018498,3737387.2472372,-3.1300000000000003,0.0019387,0.001878
tVLDETH,1.203e-5,100678555.352754,0,1.495e-5,1.212e-5
tENJUSD,0.053952,1975526.07175256,0,0.053939,0.053939
tENJETH,3.7037e-4,22756.44952666,0,4.1029e-4,4.1029e-4
tONLUSD,0.00661,4799054.71394143,-4.32,0.017873,0.0171
tONLETH,3.202e-5,25334.85235562,-56.98,1.29e-4,5.55e-5
tRBTUSD,7200.3,5545.34822624,0,7200.1,7200.1
tRBTBTC,0.96291,11113.35883155,-1.37,0.97661,0.9425
tUSTUSD,1.0058,1114916.07513136,-0.05,1.0064,1.0055
tEUTEUR,0.95406,9983113.61257528,0,1.00484817,1.00222714
tEUTUSD,1.0512,9983113.61257528,0,1.1118,1.1089
tGSDUSD,0.991,4198459.88668824,0,0.99101,0.99101
tUDCUSD,1.0019,396678.70985701,-0.3,1.039,1.0008
tTSDUSD,0.99194,1483017.6371868,-1.0699999999999998,1.009,0.99511
tPAXUSD,1.0038,2940241.62755678,-49.7,1.999,0.9993
tRIFUSD,0.05001,984726.6221258,0,0.0512,0.0512
tRIFBTC,8.1e-6,392153.75938,-0.6,9.2e-6,8.3e-6
tPASUSD,0.002,1885090.66501813,-0.2,0.0024464,0.0024173
tPASETH,6.02e-6,103272.34233089,0,1.15e-5,1.15e-5
tVSYUSD,0.053503,1535686.58547332,-3.74,0.05736,0.0369
tVSYBTC,7.15e-6,121730.61,-0.36,7.49e-6,7.09e-6
tZRXDAI,0.23152,1306401.46309306,0,0.35019,0.35018
tMKRDAI,535.67,10020.11909193,-0.43,572.98,536.02
tOMGDAI,0.45192,16708.93071671,0,0.59701,0.59701
tBTTUSD,3.1033e-4,9908523.05944027,-3.85,3.2751e-4,3.1251e-4
tBTTBTC,4e-8,37588665.0991744,0,5e-8,4e-8
tBTCUST,7565.5,21.87957365,-2.4899999999999998,7842.9,7522.1
tETHUST,151.92,958.30848158,-2.92,157.07,151.1
tCLOUSD,6.5e-4,3073583.976244,0.16,7.32e-4,6.1234e-4
tCLOBTC,9e-8,1013353.17460252,-0.01,1.2e-7,1e-7
tIMPUSD,0.001301,1250338.19865698,0,0.00677,0.00677
tIMPETH,1.62e-5,84417.18435754,0,3.5e-5,3.5e-5
tLTCUST,47.612,975.28078205,-1.9300000000000002,48.804,47.372
tEOSUST,2.7402,10966.4764294,-0.44,2.7881,2.7338
tBABUST,218.56,15887.77331002,-2.77,224.14,217.77
tSCRUSD,0.00175,0,-0.8500000000000001,0.001765,0.00175
tSCRETH,9.42e-6,0,0,1e-5,1e-5
tGNOUSD,13.999,32380.80468892,0,13.629,13.561
tGNOETH,0.09244,1223.12504825,0,0.091462,0.091462
tGENUSD,0.07611,1480036.10192,-0.02,0.085184,0.085171
tGENETH,5.1107e-4,130968.80444907,0,5.8809e-4,5.7871e-4
tATOUSD,3.86,1120.86111634,13.71,4.33,3.7342
tATOBTC,5.0637e-4,7512.276562,-2.7199999999999998,5.2471e-4,5.1043e-4
tATOETH,0.025007,169634.64143247,0,0.024674,0.024674
tWBTUSD,6463.6,547.83234296,0,6855.8,6855.8
tXCHUSD,0.9981,811191.89149876,0,1.0093,1.0093
tEUSUSD,1.0945,44559.33035081,0,1.0938,1.0938
tWBTETH,46.5,14.01024338,1.02,49.5,48.85
tXCHETH,0.0065277,10856.70448982,0.2,0.0064944,0.0064774
tEUSETH,6.91e-6,2994.35600578,0,0.0073257,0.0073257
tLEOUSD,0.9187,22158.88877643,-0.9400000000000001,0.92884,0.91821
tLEOBTC,1.2031e-4,90054.80839944,2.22,1.2093e-4,1.1705e-4
tLEOUST,0.91203,249032.12827121,-0.8099999999999999,0.95189,0.905
tLEOEOS,0.32299,5090.43401677,0,0.38646,0.38646
tLEOETH,0.005994,18399.4838921,0,0.0059368,0.0059364
tASTUSD,0.012583,6346038.20074815,0,0.022122,0.022122
tASTETH,1.1003e-4,1004178.12820876,0,1.4566e-4,1.4566e-4
tFOAUSD,0.014,3604517,-8.84,0.020295,0.0185
tFOAETH,5.701e-5,34232.31104337,0,2.3175e-4,2.3175e-4
tUFRUSD,0.019213,2806422.98335067,-6.419999999999999,0.0215,0.02012
tUFRETH,1.3347e-4,11820.53262904,0,1.45e-4,1.45e-4
tZBTUSD,0.19028,697796.85313615,-3.32,0.20454,0.1935
tZBTUST,0.1882,17309.453,-5.18,0.20653,0.191
tOKBUSD,0.5,400.88433819,0,6.1329,5.7
tUSKUSD,0.411,16006,0,0.97,0.96
tGTXUSD,0.2,10000,0,4.3,4.3
tKANUSD,0.002019,51835.96699801,-1.55,0.00207,0.002019
tOKBUST,1.3111,385,-3.53,1.36,1.312
tOKBETH,0.00323,220,-92,0.04,0.0032
tOKBBTC,1.77e-4,0,0,7.1e-5,7.1e-5
tUSKUST,0.001515,1173.213293,0,0.94,0.94
tUSKETH,0.004,275077.66,0,0.00475,0.0047
tUSKBTC,1.1e-6,215,0,9.3e-5,9.3e-5
tUSKEOS,5e-6,320000,-1.8499999999999999,0.27,0.265
tGTXUST,0.21111,15160,0,0.4,0.4
tKANUST,0.002002,59824.152672,-1.6199999999999999,0.002054,0.001993
tAMPUSD,1.0527,6729.5160523,2.45,1.0681,0.98302
tALGUSD,0.24129,234026.20456985,0,0.26826,0.26826
tALGBTC,3.5e-5,253136.66710357,-0.7000000000000001,3.59e-5,3.49e-5
tALGUST,0.26598,1331317.93032557,-0.5,0.27565,0.27392
tBTCXCH,7525.7,7.40834671,0,7499.1,7499.1
tSWMUSD,0.015002,2287250,-6.22,0.03295,0.0309
tSWMETH,8.93e-5,211811.43447745,0,2.12e-4,2.12e-4
tTRIUSD,6.3011e-4,9386844.90541853,0,0.0017003,0.0017
tTRIETH,8.92e-6,169965.08274468,-0.1,9.21e-6,9.11e-6
tLOOUSD,0.015,2660536,-6.83,0.0161,0.015
tLOOETH,7.526e-5,15433.62695989,0,1.2568e-4,1.2568e-4
tBTCF0:USTF0,7562.1,22.15486431,-2.81,7845.2,7520.8
tETHF0:USTF0,151.94,1783.7303,-2.75,155.4,151.13
tAMPUST,1.0437,17148.874334,2.6,1.0643,0.9676
tDUSK:USD,0.04261,3041323.11004139,4.81,0.0435,0.04094
tDUSK:BTC,5.65e-6,438397.32646,0.33,5.75e-6,5.29e-6
tUOSUSD,0.028293,288549.5285079,4.08,0.029662,0.027613
tUOSBTC,3.8e-6,1016530.25976169,0.08,3.95e-6,3.41e-6
tRRBUSD,1.0484,1443345.79560188,0,1.044,1.044
tRRBUST,1.0511,32799.99109088,-4.05,1.1,1.0422
tDTXUSD,1.6417,11078.97211141,0,2.627,2.627
tDTXUST,1.886,3503.1117,0,1.704,1.704
tAMPBTC,1.2711e-4,4401.15904098,0,1.2609e-4,1.2609e-4
tFTTUSD,1.4838,9450.16023536,-2.58,1.5297,1.4734
tFTTUST,1.477,34281.53821318,-0.95,1.4881,1.4665
tPAXUST,0.13003,17609.54400259,0,0.9981,0.9981
tUDCUST,0.83123,4619.23199783,0,0.89557,0.89557
tTSDUST,0.30002,6915.58463847,-83.3,0.95788,0.07
tBTC:CNHT,53142,507.57910204,0,54410,54410
tUST:CNHT,7.044,4420566.34893269,0,7.0796,7.0772
tCNH:CNHT,0.9999,1028931.92268597,0,0.9999,0.9999
tCHZUSD,0.009,660431.75553415,0,0.0111,0.011
tCHZUST,5.01e-4,277003.71880994,0,0.014997,0.014997
fUSD,3.48964383561644e-4,2.32e-4,200,-0.0457,2.3953e-4
fGBP,3.33164383561644e-4,1.93e-4,200,0.713,2.6552e-4
fEUR,1.936e-4,1.4099e-4,200,0,1.0959e-4
fBTC,6.00849315068493e-5,3.1e-5,200,0.5991,1.0651e-4
fLTC,1.63534246575342e-5,1.4e-5,200,0.0144,1.754e-5
fETH,1.00665753424658e-4,2e-5,200,-0.07,7.997e-5
fETC,6.51506849315069e-6,1e-5,200,-0.0248,3.53e-6
fZEC,1.10690410958904e-4,0,200,0.3824,7.956e-5
fXMR,3.48493150684931e-6,0,200,-4e-4,9.6e-7
fDSH,0.00156192876712329,7.5e-5,200,-0.8673,9.9978e-4
fJPY,4.61123287671233e-4,1.1e-4,200,0.9218,3.3975e-4
fXRP,1.50605479452055e-4,3.1e-5,200,0.016,6.667e-5
fIOT,9.91780821917808e-7,1e-8,200,0.0013,9.9e-7
fEOS,1.97534246575342e-6,2.3e-6,200,4e-4,1.98e-6
fSAN,8.08219178082192e-7,5e-7,200,0.0018,9.1e-7
fOMG,7.31780821917808e-6,1.5e-5,200,0,7.06e-6
fNEO,1.30980821917808e-4,5e-5,200,0.0341,8.941e-5
fETP,2.04657534246575e-6,0,200,-0.0056,1.4e-6
fEDO,1.13293150684932e-4,3.31e-5,200,0.0018,6.1e-7
fBTG,9.19945205479452e-5,2e-5,200,-0.8973,8.219e-5
fZRX,1.1593698630137e-4,4e-5,200,-0.0119,8.1e-5
fXLM,2.27041095890411e-5,0,200,-0.006,1.138e-5
fXTZ,2.8047397260274e-4,0,200,0,2.9e-4
fBSV,6.7813698630137e-5,2.1e-5,200,0.023,8.53e-5
fBAB,5.63780821917808e-5,3e-5,200,0.0029,5.479e-5
fUST,3.39084931506849e-4,2.1e-4,200,-0.0172,2.9483e-4
fLEO,1.0958904109589e-8,0,200,0,1e-8
